{
  "project_info": {
    "project_number": "533763315332",
    "project_id": "lab11-58342",
    "storage_bucket": "lab11-58342.appspot.com"
  },
  "client": [
    {
      "client_info": {
        "mobilesdk_app_id": "1:533763315332:android:0817feffa487fd426114d1",
        "android_client_info": {
          "package_name": "com.google.firebase.codelab.friendlychat"
        }
      },
      "oauth_client": [
        {
          "client_id": "533763315332-cku9f9dhnhp2ookkfi0ppff94nn6stqh.apps.googleusercontent.com",
          "client_type": 3
        }
      ],
      "api_key": [
        {
          "current_key": "AIzaSyBiFkcPUTsMrFksl35ZZTuw2xVWi6qBBGE"
        }
      ],
      "services": {
        "appinvite_service": {
          "other_platform_oauth_client": [
            {
              "client_id": "533763315332-cku9f9dhnhp2ookkfi0ppff94nn6stqh.apps.googleusercontent.com",
              "client_type": 3
            }
          ]
        }
      }
    }
  ],
  "configuration_version": "1"
}